<?xml version="1.0" encoding="UTF-8"?>
<lomes:lom xmlns:lomes="http://ltsc.ieee.org/xsd/LOM" xmlns:xsi="http://www.w3.org/2001/XMLSchema-instance" xsi:schemaLocation="http://ltsc.ieee.org/xsd/LOM lomCustom.xsd" xsi:type="lomes:lom">
	<lomes:general >
                	<lomes:identifier >
                    	<lomes:catalog >Plataforma Agrega</lomes:catalog>

                    	<lomes:entry >ODE-3274e870-91e6-3918-8937-76eb5cee8c14</lomes:entry>

                </lomes:identifier>

                	<lomes:identifier >
                    	<lomes:catalog >Plataforma Agrega</lomes:catalog>

                    	<lomes:entry ></lomes:entry>

                </lomes:identifier>

                	<lomes:identifier >
                    	<lomes:catalog >Catálogo unificado mec-red.es-ccaa de identificación de ODE</lomes:catalog>

                    	<lomes:entry >es_2022121512_9154604</lomes:entry>

                </lomes:identifier>

                	<lomes:title >
                    	<lomes:string  language="es">El uso de las mayúsculas</lomes:string>

                </lomes:title>

                	<lomes:language >es</lomes:language>

                	<lomes:description >
                    	<lomes:string  language="es">Este recurso se centra en el uso de las letras mayúsculas de manera adecuada con el principal objetivo de que el alumnado comprenda su empleo en distintos textos escritos. Además, el uso de la mayúscula puede ser algo confuso para el alumnado, por lo que es necesario profundizar en su aplicación práctica.</lomes:string>

                </lomes:description>

                	<lomes:keyword >
                    	<lomes:string  language="es">Itinerarios Didácticos</lomes:string>

                </lomes:keyword>

                	<lomes:aggregationLevel >
                    	<lomes:source >LOM-ESv1.0</lomes:source>

                    	<lomes:value >2</lomes:value>

                </lomes:aggregationLevel>

            </lomes:general>
	<lomes:lifeCycle >
                	<lomes:contribute >
                    	<lomes:role >
                        	<lomes:source >LOM-ESv1.0</lomes:source>

                        	<lomes:value >publisher</lomes:value>

                    </lomes:role>

                    	<lomes:entity >BEGIN:VCARD VERSION:3.0 FN: INTEF  . EMAIL;TYPE=INTERNET:  ORG: Plataforma Agrega</lomes:entity>

                    	<lomes:date >
                        	<lomes:dateTime >2022-12-15T15:46:04.618Z</lomes:dateTime>

                        	<lomes:description >
                            	<lomes:string >Fecha de publicación en Agrega</lomes:string>

                        </lomes:description>

                    </lomes:date>

                </lomes:contribute>

                	<lomes:contribute >
                    	<lomes:role >
                        	<lomes:source >LOM-ESv1.0</lomes:source>

                        	<lomes:value >author</lomes:value>

                    </lomes:role>

                    	<lomes:entity >BEGIN:VCARD VERSION:3.0 FN: INTEF  . EMAIL;TYPE=INTERNET: ORG: Plataforma Agrega-WebSemantica</lomes:entity>

                    	<lomes:date >
                        	<lomes:dateTime >2022-12-15T15:46:03.553Z</lomes:dateTime>

                        	<lomes:description >
                            	<lomes:string >Fecha de creación en Agrega</lomes:string>

                        </lomes:description>

                    </lomes:date>

                </lomes:contribute>

            </lomes:lifeCycle>
	<lomes:metaMetadata >
                	<lomes:identifier >
                    	<lomes:catalog >Plataforma Agrega</lomes:catalog>

                    	<lomes:entry >ODE-3274e870-91e6-3918-8937-76eb5cee8c14-meta</lomes:entry>

                </lomes:identifier>

                	<lomes:metadataSchema >LOM-ESv1.0</lomes:metadataSchema>

                	<lomes:language >es</lomes:language>

            </lomes:metaMetadata>
	<lomes:technical >
                	<lomes:location >http://agrega.educacion.es/ODE/es/es_2022121512_9154604</lomes:location>

                	<lomes:installationRemarks >
                    	<lomes:string  language="es"></lomes:string>

                </lomes:installationRemarks>

            </lomes:technical>
	<lomes:educational >
                	<lomes:learningResourceType >
                    	<lomes:source >LOM-ESv1.0</lomes:source>

                    	<lomes:value >master class</lomes:value>

                </lomes:learningResourceType>

                	<lomes:learningResourceType >
                    	<lomes:source >LOM-ESv1.0</lomes:source>

                    	<lomes:value >narrative text</lomes:value>

                </lomes:learningResourceType>

                	<lomes:learningResourceType >
                    	<lomes:source >LOM-ESv1.0</lomes:source>

                    	<lomes:value >master class</lomes:value>

                </lomes:learningResourceType>

                	<lomes:intendedEndUserRole >
                    	<lomes:source >LOM-ESv1.0</lomes:source>

                    	<lomes:value >learner</lomes:value>

                </lomes:intendedEndUserRole>

                	<lomes:intendedEndUserRole >
                    	<lomes:source >LOM-ESv1.0</lomes:source>

                    	<lomes:value >individual</lomes:value>

                </lomes:intendedEndUserRole>

                	<lomes:typicalAgeRange >
                    	<lomes:string  language="es">7-8</lomes:string>

                </lomes:typicalAgeRange>

                	<lomes:description >
                    	<lomes:string  language="es"></lomes:string>

                </lomes:description>

                	<lomes:description >
                    	<lomes:string  language="es"></lomes:string>

                </lomes:description>

                	<lomes:language >es</lomes:language>

            </lomes:educational>
	<lomes:rights >
                	<lomes:copyrightAndOtherRestrictions >
                    	<lomes:source >LOM-ESv1.0</lomes:source>

                    	<lomes:value >creative commons: attribution - share alike</lomes:value>

                </lomes:copyrightAndOtherRestrictions>

                	<lomes:access >
                    	<lomes:accessType >
                        	<lomes:source >LOM-ESv1.0</lomes:source>

                        	<lomes:value >universal</lomes:value>

                    </lomes:accessType>

                    	<lomes:description >
                        	<lomes:string >es_andalucia_20090324,es_aragon_20080930,es_baleares_200907131205,es_canarias_20090114,es_cantabria_20081215,es_clm_20091103121523455,es_castillayleon_201002241811,es_euskadi_20100423,es_extremadura_20111222,galicia20091006,es_larioja_20081107,es_{nodo}_20080923,es_na_90348943,es_valencia_201101241416,es_cnice_20080623</lomes:string>

                    </lomes:description>

                </lomes:access>

            </lomes:rights>
	<lomes:classification >
                	<lomes:purpose >
                    	<lomes:source >LOM-ESv1.0</lomes:source>

                    	<lomes:value >educational level</lomes:value>

                </lomes:purpose>

                	<lomes:taxonPath >
                    	<lomes:source >
                        	<lomes:string  language="es">Nivel educativo LOM-ESv1.0</lomes:string>

                    </lomes:source>

                    	<lomes:taxon >
                        	<lomes:id >3</lomes:id>

                        	<lomes:entry >
                            	<lomes:string  language="es">Educación Primaria</lomes:string>

                        </lomes:entry>

                    </lomes:taxon>

                    	<lomes:taxon >
                        	<lomes:id >3.1</lomes:id>

                        	<lomes:entry >
                            	<lomes:string  language="es">Primer ciclo</lomes:string>

                        </lomes:entry>

                    </lomes:taxon>

                    	<lomes:taxon >
                        	<lomes:id >3.1.2</lomes:id>

                        	<lomes:entry >
                            	<lomes:string  language="es">Segundo curso</lomes:string>

                        </lomes:entry>

                    </lomes:taxon>

                </lomes:taxonPath>

                	<lomes:taxonPath >
                    	<lomes:source >
                        	<lomes:string  language="es">ETB-LRE MEC-CCAA V.1.0</lomes:string>

                    </lomes:source>

                    	<lomes:taxon >
                        	<lomes:id >M60</lomes:id>

                        	<lomes:entry >
                            	<lomes:string  language="es">60 SISTEMA EDUCATIVO</lomes:string>

                        </lomes:entry>

                    </lomes:taxon>

                    	<lomes:taxon >
                        	<lomes:id >403</lomes:id>

                        	<lomes:entry >
                            	<lomes:string  language="es">sistema educativo</lomes:string>

                        </lomes:entry>

                    </lomes:taxon>

                    	<lomes:taxon >
                        	<lomes:id >1024</lomes:id>

                        	<lomes:entry >
                            	<lomes:string  language="es">educación primaria</lomes:string>

                        </lomes:entry>

                    </lomes:taxon>

                </lomes:taxonPath>

            </lomes:classification>
	<lomes:classification >
                	<lomes:purpose >
                    	<lomes:source >LOM-ESv1.0</lomes:source>

                    	<lomes:value >discipline</lomes:value>

                </lomes:purpose>

                	<lomes:taxonPath >
                    	<lomes:source >
                        	<lomes:string  language="es">ETB-LRE MEC-CCAA V.1.0</lomes:string>

                    </lomes:source>

                    	<lomes:taxon >
                        	<lomes:id >M70</lomes:id>

                        	<lomes:entry >
                            	<lomes:string  language="es">70 CONTENIDO DE LA EDUCACIÓN</lomes:string>

                        </lomes:entry>

                    </lomes:taxon>

                    	<lomes:taxon >
                        	<lomes:id >M70.20</lomes:id>

                        	<lomes:entry >
                            	<lomes:string  language="es">70.20 HUMANIDADES</lomes:string>

                        </lomes:entry>

                    </lomes:taxon>

                    	<lomes:taxon >
                        	<lomes:id >711</lomes:id>

                        	<lomes:entry >
                            	<lomes:string  language="es">lenguas</lomes:string>

                        </lomes:entry>

                    </lomes:taxon>

                    	<lomes:taxon >
                        	<lomes:id >835</lomes:id>

                        	<lomes:entry >
                            	<lomes:string  language="es">leguas modernas</lomes:string>

                        </lomes:entry>

                    </lomes:taxon>

                </lomes:taxonPath>

            </lomes:classification>
	<lomes:classification >
                	<lomes:purpose >
                    	<lomes:source >LOM-ESv1.0</lomes:source>

                    	<lomes:value >discipline</lomes:value>

                </lomes:purpose>

                	<lomes:taxonPath >
                    	<lomes:source >
                        	<lomes:string  language="es">ETB-LRE MEC-CCAA V.1.0</lomes:string>

                    </lomes:source>

                    	<lomes:taxon >
                        	<lomes:id >M70</lomes:id>

                        	<lomes:entry >
                            	<lomes:string  language="es">70 CONTENIDO DE LA EDUCACIÓN</lomes:string>

                        </lomes:entry>

                    </lomes:taxon>

                    	<lomes:taxon >
                        	<lomes:id >M70.20</lomes:id>

                        	<lomes:entry >
                            	<lomes:string  language="es">70.20 HUMANIDADES</lomes:string>

                        </lomes:entry>

                    </lomes:taxon>

                    	<lomes:taxon >
                        	<lomes:id >710</lomes:id>

                        	<lomes:entry >
                            	<lomes:string  language="es">enseñanza de lenguas</lomes:string>

                        </lomes:entry>

                    </lomes:taxon>

                </lomes:taxonPath>

            </lomes:classification>
	<lomes:classification >
                	<lomes:purpose >
                    	<lomes:source >LOM-ESv1.0</lomes:source>

                    	<lomes:value >discipline</lomes:value>

                </lomes:purpose>

                	<lomes:taxonPath >
                    	<lomes:source >
                        	<lomes:string  language="es">ETB-LRE MEC-CCAA V.1.0</lomes:string>

                    </lomes:source>

                    	<lomes:taxon >
                        	<lomes:id >M70</lomes:id>

                        	<lomes:entry >
                            	<lomes:string  language="es">70 CONTENIDO DE LA EDUCACIÓN</lomes:string>

                        </lomes:entry>

                    </lomes:taxon>

                    	<lomes:taxon >
                        	<lomes:id >M70.20</lomes:id>

                        	<lomes:entry >
                            	<lomes:string  language="es">70.20 HUMANIDADES</lomes:string>

                        </lomes:entry>

                    </lomes:taxon>

                    	<lomes:taxon >
                        	<lomes:id >749</lomes:id>

                        	<lomes:entry >
                            	<lomes:string  language="es">lingüistica</lomes:string>

                        </lomes:entry>

                    </lomes:taxon>

                </lomes:taxonPath>

            </lomes:classification>
</lomes:lom>

