<?xml version="1.0" encoding="UTF-8"?>
<lom xmlns="http://ltsc.ieee.org/xsd/LOM"
    xmlns:xsi="http://www.w3.org/2001/XMLSchema-instance" xsi:schemaLocation="http://ltsc.ieee.org/xsd/LOM lomCustom.xsd">
    <general uniqueElementName="general">
        <identifier>
            <catalog uniqueElementName="catalog">Plataforma Agrega</catalog>
            <entry uniqueElementName="entry">ODE-1200435a-8f4f-3725-bb6a-774d3cf54edb</entry>
        </identifier>
        <identifier>
            <catalog uniqueElementName="catalog">Mi catálogo</catalog>
            <entry uniqueElementName="entry">01fc6513-137d-4396-b33a-7f3af46ef98b</entry>
        </identifier>
        <identifier>
            <catalog uniqueElementName="catalog">m_educacion_agrega</catalog>
            <entry uniqueElementName="entry">216_20210515_000_0014_0113</entry>
        </identifier>
        <identifier>
            <catalog uniqueElementName="catalog">Catálogo unificado mec-red.es-ccaa de identificación ODE</catalog>
            <entry uniqueElementName="entry">es_2021051512_0140113</entry>
        </identifier>
        <identifier>
            <catalog uniqueElementName="catalog">Catálogo unificado mec-red.es-ccaa de identificación de ODE</catalog>
            <entry uniqueElementName="entry">es_2022121512_9154359</entry>
        </identifier>
        <title uniqueElementName="title">
            <string language="es">El uso de las mayúsculas</string>
        </title>
        <language>es</language>
        <description>
            <string language="es">Este recurso se centra en el uso de las letras mayúsculas de manera adecuada con el principal objetivo de que el alumnado comprenda su empleo en distintos textos escritos. Además, el uso de la mayúscula puede ser algo confuso para el alumnado, por lo que es necesario profundizar en su aplicación práctica.</string>
        </description>
        <keyword>
            <string language="es">Itinerarios Didácticos</string>
        </keyword>
        <aggregationLevel uniqueElementName="aggregationLevel">
            <source uniqueElementName="source">LOM-ESv1.0</source>
            <value uniqueElementName="value">2</value>
        </aggregationLevel>
    </general>
    <lifeCycle uniqueElementName="lifeCycle">
        <contribute>
            <role uniqueElementName="role">
                <source uniqueElementName="source">LOM-ESv1.0</source>
                <value uniqueElementName="value">publisher</value>
            </role>
            <entity>BEGIN:VCARD VERSION:3.0 FN: Inmaculada Plaza Agudo EMAIL;TYPE=INTERNET:  ORG: Plataforma Agrega</entity>
            <date uniqueElementName="date">
                <dateTime uniqueElementName="dateTime">2022-12-15T15:44:00.413Z</dateTime>
                <description>
                    <string>Fecha de publicación en Agrega</string>
                </description>
            </date>
        </contribute>
        <contribute>
            <role uniqueElementName="role">
                <source uniqueElementName="source">LOM-ESv1.0</source>
                <value uniqueElementName="value">author</value>
            </role>
            <entity>BEGIN:VCARD VERSION:3.0 FN: Inmaculada Plaza Agudo EMAIL;TYPE=INTERNET: ORG: Plataforma Agrega-WebSemantica</entity>
            <date uniqueElementName="date">
                <dateTime uniqueElementName="dateTime">2022-12-15T15:43:59.490Z</dateTime>
                <description>
                    <string>Fecha de creación en Agrega</string>
                </description>
            </date>
        </contribute>
        <contribute>
            <role uniqueElementName="role">
                <source uniqueElementName="source">LOM-ESv1.0</source>
                <value uniqueElementName="value">author</value>
            </role>
            <entity>BEGIN:VCARD VERSION:3.0 FN:Jorge Quintín Calle EMAIL;TYPE=INTERNET: ORG: END:VCARD</entity>
            <date uniqueElementName="date">
                <dateTime uniqueElementName="dateTime">2021-04-07T22:18:28.00+02:00</dateTime>
                <description>
                    <string language="es">Fecha de creación de los metadatos</string>
                </description>
            </date>
        </contribute>
    </lifeCycle>
    <metaMetadata uniqueElementName="metaMetadata">
        <identifier>
            <catalog uniqueElementName="catalog">Plataforma Agrega</catalog>
            <entry uniqueElementName="entry">ODE-1200435a-8f4f-3725-bb6a-774d3cf54edb-meta</entry>
        </identifier>
        <contribute>
            <role uniqueElementName="role">
                <source uniqueElementName="source">LOM-ESv1.0</source>
                <value uniqueElementName="value">creator</value>
            </role>
            <entity>BEGIN:VCARD VERSION:3.0 FN:Jorge Quintín Calle EMAIL;TYPE=INTERNET: ORG: END:VCARD</entity>
            <date uniqueElementName="date">
                <dateTime uniqueElementName="dateTime">2021-04-07T22:18:28.00+02:00</dateTime>
                <description>
                    <string language="es">Fecha de creación de los metadatos</string>
                </description>
            </date>
        </contribute>
        <metadataSchema>LOM-ESv1.0</metadataSchema>
        <language>es</language>
    </metaMetadata>
    <technical uniqueElementName="technical">
        <location>http://agrega.educacion.es/ODE/es/es_2022121512_9154359</location>
        <otherPlatformRequirements>
            <string language="es">editor: eXe Learning</string>
        </otherPlatformRequirements>
    </technical>
    <educational>
        <learningResourceType>
            <source uniqueElementName="source">LOM-ESv1.0</source>
            <value uniqueElementName="value">multimedia presentation</value>
        </learningResourceType>
        <intendedEndUserRole>
            <source uniqueElementName="source">LOM-ESv1.0</source>
            <value uniqueElementName="value">learner</value>
        </intendedEndUserRole>
        <context>
            <source uniqueElementName="source">LOM-ESv1.0</source>
            <value uniqueElementName="value">presencial</value>
        </context>
        <context>
            <source uniqueElementName="source">LOM-ESv1.0</source>
            <value uniqueElementName="value">classroom</value>
        </context>
        <language>es</language>
    </educational>
    <rights uniqueElementName="rights">
        <copyrightAndOtherRestrictions uniqueElementName="copyrightAndOtherRestrictions">
            <source uniqueElementName="source">LOM-ESv1.0</source>
            <value uniqueElementName="value">creative commons: attribution - share alike</value>
        </copyrightAndOtherRestrictions>
        <access uniqueElementName="access">
            <accessType uniqueElementName="accessType">
                <source uniqueElementName="source">LOM-ESv1.0</source>
                <value uniqueElementName="value">universal</value>
            </accessType>
            <description>
                <string>es_andalucia_20090324,es_aragon_20080930,es_baleares_200907131205,es_canarias_20090114,es_cantabria_20081215,es_clm_20091103121523455,es_castillayleon_201002241811,es_euskadi_20100423,es_extremadura_20111222,galicia20091006,es_larioja_20081107,es_{nodo}_20080923,es_na_90348943,es_valencia_201101241416,es_cnice_20080623</string>
            </description>
        </access>
    </rights>
    <classification>
        <purpose uniqueElementName="purpose">
            <source uniqueElementName="source">LOM-ESv1.0</source>
            <value uniqueElementName="value">discipline</value>
        </purpose>
        <taxonPath>
            <source uniqueElementName="source">
                <string language="es">Árbol curricular LOE 2006</string>
            </source>
            <taxon>
                <id uniqueElementName="id">2</id>
                <entry>
                    <string language="es">Educación Primaria</string>
                </entry>
            </taxon>
            <taxon>
                <id uniqueElementName="id">2.1</id>
                <entry>
                    <string language="es">Primer ciclo</string>
                </entry>
            </taxon>
            <taxon>
                <id uniqueElementName="id">2.1.4</id>
                <entry>
                    <string language="es">Lengua Castellana y Literatura</string>
                </entry>
            </taxon>
        </taxonPath>
    </classification>
    <classification>
        <purpose uniqueElementName="purpose">
            <source uniqueElementName="source">LOM-ESv1.0</source>
            <value uniqueElementName="value">educational level</value>
        </purpose>
        <taxonPath>
            <source uniqueElementName="source">
                <string language="es">nive</string>
            </source>
            <taxon>
                <id uniqueElementName="id">3</id>
                <entry>
                    <string language="es">Educación Primaria</string>
                </entry>
            </taxon>
            <taxon>
                <id uniqueElementName="id">3.1</id>
                <entry>
                    <string language="es">Primer ciclo</string>
                </entry>
            </taxon>
            <taxon>
                <id uniqueElementName="id">3.1.2</id>
                <entry>
                    <string language="es">Segundo curso</string>
                </entry>
            </taxon>
        </taxonPath>
    </classification>
</lom>
