<?xml version="1.0" encoding="UTF-8"?>
<manifest xmlns="http://www.imsglobal.org/xsd/imscp_v1p1"
          xmlns:lomes="http://ltsc.ieee.org/xsd/LOM"
          xmlns:xsi="http://www.w3.org/2001/XMLSchema-instance"
          xsi:schemaLocation="http://www.imsglobal.org/xsd/imscp_v1p1 imscp_v1p1.xsd  http://ltsc.ieee.org/xsd/LOM lomCustom.xsd"
          identifier="ODE-3274e870-91e6-3918-8937-76eb5cee8c14">
   <metadata>
      <schema>IMS Content</schema>
      <schemaversion>1.1.4</schemaversion>
      <lomes:lom>
         <lomes:general>
            <lomes:identifier>
               <lomes:catalog>Plataforma Agrega</lomes:catalog>
               <lomes:entry>ODE-3274e870-91e6-3918-8937-76eb5cee8c14</lomes:entry>
            </lomes:identifier>
            <lomes:identifier>
               <lomes:catalog>Plataforma Agrega</lomes:catalog>
               <lomes:entry/>
            </lomes:identifier>
            <lomes:identifier>
               <lomes:catalog>Catálogo unificado mec-red.es-ccaa de identificación de ODE</lomes:catalog>
               <lomes:entry>es_2022121512_9154604</lomes:entry>
            </lomes:identifier>
            <lomes:title>
               <lomes:string language="es">El uso de las mayúsculas</lomes:string>
            </lomes:title>
            <lomes:language>es</lomes:language>
            <lomes:description>
               <lomes:string language="es">Este recurso se centra en el uso de las letras mayúsculas de manera adecuada con el principal objetivo de que el alumnado comprenda su empleo en distintos textos escritos. Además, el uso de la mayúscula puede ser algo confuso para el alumnado, por lo que es necesario profundizar en su aplicación práctica.</lomes:string>
            </lomes:description>
            <lomes:keyword>
               <lomes:string language="es">Itinerarios Didácticos</lomes:string>
            </lomes:keyword>
            <lomes:aggregationLevel>
               <lomes:source>LOM-ESv1.0</lomes:source>
               <lomes:value>2</lomes:value>
            </lomes:aggregationLevel>
         </lomes:general>
         <lomes:lifeCycle>
            <lomes:contribute>
               <lomes:role>
                  <lomes:source>LOM-ESv1.0</lomes:source>
                  <lomes:value>publisher</lomes:value>
               </lomes:role>
               <lomes:entity>BEGIN:VCARD VERSION:3.0 FN: INTEF  . EMAIL;TYPE=INTERNET:  ORG: Plataforma Agrega</lomes:entity>
               <lomes:date>
                  <lomes:dateTime>2022-12-15T15:46:04.618Z</lomes:dateTime>
                  <lomes:description>
                     <lomes:string>Fecha de publicación en Agrega</lomes:string>
                  </lomes:description>
               </lomes:date>
            </lomes:contribute>
            <lomes:contribute>
               <lomes:role>
                  <lomes:source>LOM-ESv1.0</lomes:source>
                  <lomes:value>author</lomes:value>
               </lomes:role>
               <lomes:entity>BEGIN:VCARD VERSION:3.0 FN: INTEF  . EMAIL;TYPE=INTERNET: ORG: Plataforma Agrega-WebSemantica</lomes:entity>
               <lomes:date>
                  <lomes:dateTime>2022-12-15T15:46:03.553Z</lomes:dateTime>
                  <lomes:description>
                     <lomes:string>Fecha de creación en Agrega</lomes:string>
                  </lomes:description>
               </lomes:date>
            </lomes:contribute>
         </lomes:lifeCycle>
         <lomes:metaMetadata>
            <lomes:identifier>
               <lomes:catalog>Plataforma Agrega</lomes:catalog>
               <lomes:entry>ODE-3274e870-91e6-3918-8937-76eb5cee8c14-meta</lomes:entry>
            </lomes:identifier>
            <lomes:metadataSchema>LOM-ESv1.0</lomes:metadataSchema>
            <lomes:language>es</lomes:language>
         </lomes:metaMetadata>
         <lomes:technical>
            <lomes:location>http://agrega.educacion.es/ODE/es/es_2022121512_9154604</lomes:location>
            <lomes:installationRemarks>
               <lomes:string language="es"/>
            </lomes:installationRemarks>
         </lomes:technical>
         <lomes:educational>
            <lomes:learningResourceType>
               <lomes:source>LOM-ESv1.0</lomes:source>
               <lomes:value>master class</lomes:value>
            </lomes:learningResourceType>
            <lomes:learningResourceType>
               <lomes:source>LOM-ESv1.0</lomes:source>
               <lomes:value>narrative text</lomes:value>
            </lomes:learningResourceType>
            <lomes:learningResourceType>
               <lomes:source>LOM-ESv1.0</lomes:source>
               <lomes:value>master class</lomes:value>
            </lomes:learningResourceType>
            <lomes:intendedEndUserRole>
               <lomes:source>LOM-ESv1.0</lomes:source>
               <lomes:value>learner</lomes:value>
            </lomes:intendedEndUserRole>
            <lomes:intendedEndUserRole>
               <lomes:source>LOM-ESv1.0</lomes:source>
               <lomes:value>individual</lomes:value>
            </lomes:intendedEndUserRole>
            <lomes:typicalAgeRange>
               <lomes:string language="es">7-8</lomes:string>
            </lomes:typicalAgeRange>
            <lomes:description>
               <lomes:string language="es"/>
            </lomes:description>
            <lomes:description>
               <lomes:string language="es"/>
            </lomes:description>
            <lomes:language>es</lomes:language>
         </lomes:educational>
         <lomes:rights>
            <lomes:copyrightAndOtherRestrictions>
               <lomes:source>LOM-ESv1.0</lomes:source>
               <lomes:value>creative commons: attribution - share alike</lomes:value>
            </lomes:copyrightAndOtherRestrictions>
            <lomes:access>
               <lomes:accessType>
                  <lomes:source>LOM-ESv1.0</lomes:source>
                  <lomes:value>universal</lomes:value>
               </lomes:accessType>
               <lomes:description>
                  <lomes:string>es_andalucia_20090324,es_aragon_20080930,es_baleares_200907131205,es_canarias_20090114,es_cantabria_20081215,es_clm_20091103121523455,es_castillayleon_201002241811,es_euskadi_20100423,es_extremadura_20111222,galicia20091006,es_larioja_20081107,es_{nodo}_20080923,es_na_90348943,es_valencia_201101241416,es_cnice_20080623</lomes:string>
               </lomes:description>
            </lomes:access>
         </lomes:rights>
         <lomes:classification>
            <lomes:purpose>
               <lomes:source>LOM-ESv1.0</lomes:source>
               <lomes:value>educational level</lomes:value>
            </lomes:purpose>
            <lomes:taxonPath>
               <lomes:source>
                  <lomes:string language="es">Nivel educativo LOM-ESv1.0</lomes:string>
               </lomes:source>
               <lomes:taxon>
                  <lomes:id>3</lomes:id>
                  <lomes:entry>
                     <lomes:string language="es">Educación Primaria</lomes:string>
                  </lomes:entry>
               </lomes:taxon>
               <lomes:taxon>
                  <lomes:id>3.1</lomes:id>
                  <lomes:entry>
                     <lomes:string language="es">Primer ciclo</lomes:string>
                  </lomes:entry>
               </lomes:taxon>
               <lomes:taxon>
                  <lomes:id>3.1.2</lomes:id>
                  <lomes:entry>
                     <lomes:string language="es">Segundo curso</lomes:string>
                  </lomes:entry>
               </lomes:taxon>
            </lomes:taxonPath>
            <lomes:taxonPath>
               <lomes:source>
                  <lomes:string language="es">ETB-LRE MEC-CCAA V.1.0</lomes:string>
               </lomes:source>
               <lomes:taxon>
                  <lomes:id>M60</lomes:id>
                  <lomes:entry>
                     <lomes:string language="es">60 SISTEMA EDUCATIVO</lomes:string>
                  </lomes:entry>
               </lomes:taxon>
               <lomes:taxon>
                  <lomes:id>403</lomes:id>
                  <lomes:entry>
                     <lomes:string language="es">sistema educativo</lomes:string>
                  </lomes:entry>
               </lomes:taxon>
               <lomes:taxon>
                  <lomes:id>1024</lomes:id>
                  <lomes:entry>
                     <lomes:string language="es">educación primaria</lomes:string>
                  </lomes:entry>
               </lomes:taxon>
            </lomes:taxonPath>
         </lomes:classification>
         <lomes:classification>
            <lomes:purpose>
               <lomes:source>LOM-ESv1.0</lomes:source>
               <lomes:value>discipline</lomes:value>
            </lomes:purpose>
            <lomes:taxonPath>
               <lomes:source>
                  <lomes:string language="es">ETB-LRE MEC-CCAA V.1.0</lomes:string>
               </lomes:source>
               <lomes:taxon>
                  <lomes:id>M70</lomes:id>
                  <lomes:entry>
                     <lomes:string language="es">70 CONTENIDO DE LA EDUCACIÓN</lomes:string>
                  </lomes:entry>
               </lomes:taxon>
               <lomes:taxon>
                  <lomes:id>M70.20</lomes:id>
                  <lomes:entry>
                     <lomes:string language="es">70.20 HUMANIDADES</lomes:string>
                  </lomes:entry>
               </lomes:taxon>
               <lomes:taxon>
                  <lomes:id>711</lomes:id>
                  <lomes:entry>
                     <lomes:string language="es">lenguas</lomes:string>
                  </lomes:entry>
               </lomes:taxon>
               <lomes:taxon>
                  <lomes:id>835</lomes:id>
                  <lomes:entry>
                     <lomes:string language="es">leguas modernas</lomes:string>
                  </lomes:entry>
               </lomes:taxon>
            </lomes:taxonPath>
         </lomes:classification>
         <lomes:classification>
            <lomes:purpose>
               <lomes:source>LOM-ESv1.0</lomes:source>
               <lomes:value>discipline</lomes:value>
            </lomes:purpose>
            <lomes:taxonPath>
               <lomes:source>
                  <lomes:string language="es">ETB-LRE MEC-CCAA V.1.0</lomes:string>
               </lomes:source>
               <lomes:taxon>
                  <lomes:id>M70</lomes:id>
                  <lomes:entry>
                     <lomes:string language="es">70 CONTENIDO DE LA EDUCACIÓN</lomes:string>
                  </lomes:entry>
               </lomes:taxon>
               <lomes:taxon>
                  <lomes:id>M70.20</lomes:id>
                  <lomes:entry>
                     <lomes:string language="es">70.20 HUMANIDADES</lomes:string>
                  </lomes:entry>
               </lomes:taxon>
               <lomes:taxon>
                  <lomes:id>710</lomes:id>
                  <lomes:entry>
                     <lomes:string language="es">enseñanza de lenguas</lomes:string>
                  </lomes:entry>
               </lomes:taxon>
            </lomes:taxonPath>
         </lomes:classification>
         <lomes:classification>
            <lomes:purpose>
               <lomes:source>LOM-ESv1.0</lomes:source>
               <lomes:value>discipline</lomes:value>
            </lomes:purpose>
            <lomes:taxonPath>
               <lomes:source>
                  <lomes:string language="es">ETB-LRE MEC-CCAA V.1.0</lomes:string>
               </lomes:source>
               <lomes:taxon>
                  <lomes:id>M70</lomes:id>
                  <lomes:entry>
                     <lomes:string language="es">70 CONTENIDO DE LA EDUCACIÓN</lomes:string>
                  </lomes:entry>
               </lomes:taxon>
               <lomes:taxon>
                  <lomes:id>M70.20</lomes:id>
                  <lomes:entry>
                     <lomes:string language="es">70.20 HUMANIDADES</lomes:string>
                  </lomes:entry>
               </lomes:taxon>
               <lomes:taxon>
                  <lomes:id>749</lomes:id>
                  <lomes:entry>
                     <lomes:string language="es">lingüistica</lomes:string>
                  </lomes:entry>
               </lomes:taxon>
            </lomes:taxonPath>
         </lomes:classification>
      </lomes:lom>
   </metadata>
   <organizations default="eXemayusculas5fd9f20425c0fcf4772">
      <organization identifier="eXemayusculas5fd9f20425c0fcf4772" structure="hierarchical">
         <title>El uso de las mayúsculas</title>
         <item identifier="ITEM-eXemayusculas5fd9f20425c0fcf4773"
               identifierref="RES-eXemayusculas5fd9f20425c0fcf4774"
               isvisible="true">
            <title>El uso de las mayúsculas</title>
            <item identifier="ITEM-eXemayusculas5fd9f20425c0fcf4785"
                  identifierref="RES-eXemayusculas5fd9f20425c0fcf4786"
                  isvisible="true">
               <title>Elementos curriculares</title>
            </item>
            <item identifier="ITEM-eXemayusculas5fd9f20425c0fcf4797"
                  identifierref="RES-eXemayusculas5fd9f20425c0fcf4798"
                  isvisible="true">
               <title>Aprendemos a usar las letras mayúsculas</title>
               <item identifier="ITEM-eXemayusculas5fd9f20425c0fcf47b9"
                     identifierref="RES-eXemayusculas5fd9f20425c0fcf47ba"
                     isvisible="true">
                  <title>Ponte a prueba</title>
               </item>
            </item>
            <item identifier="ITEM-eXemayusculas5fd9f20425c0fcf485b"
                  identifierref="RES-eXemayusculas5fd9f20425c0fcf485c"
                  isvisible="true">
               <title>Actividades de desarrollo y ampliación</title>
            </item>
            <item identifier="ITEM-eXemayusculas5fd9f20425c0fcf488d"
                  identifierref="RES-eXemayusculas5fd9f20425c0fcf488e"
                  isvisible="true">
               <title>Evaluación</title>
            </item>
            <item identifier="ITEM-eXemayusculas5fd9f20425c0fcf489f"
                  identifierref="RES-eXemayusculas5fd9f20425c0fcf48910"
                  isvisible="true">
               <title>Archivo fuente</title>
            </item>
            <item identifier="ITEM-eXemayusculas5fd9f20425c0fcf48a11"
                  identifierref="RES-eXemayusculas5fd9f20425c0fcf48a12"
                  isvisible="true">
               <title>Créditos</title>
            </item>
         </item>
      </organization>
   </organizations>
   <resources>
      <resource identifier="RES-eXemayusculas5fd9f20425c0fcf4774" type="webcontent"
                href="index.html">
         <file href="index.html"/>
         <file href="exe_html5.js"/>
         <file href="Captura_de_pantalla_2021-05-10_a_las_18.35.56.png"/>
         <dependency identifierref="COMMON_FILES"/>
      </resource>
      <resource identifier="RES-eXemayusculas5fd9f20425c0fcf4786" type="webcontent"
                href="elementos_curriculares.html">
         <file href="elementos_curriculares.html"/>
         <file href="exe_html5.js"/>
         <file href="exe_effects.css"/>
         <file href="exe_effects.js"/>
         <dependency identifierref="COMMON_FILES"/>
      </resource>
      <resource identifier="RES-eXemayusculas5fd9f20425c0fcf4798" type="webcontent"
                href="aprendemos_a_usar_las_letras_maysculas.html">
         <file href="aprendemos_a_usar_las_letras_maysculas.html"/>
         <file href="exe_html5.js"/>
         <file href="student-147783_640.png"/>
         <file href="london-bridge-945499_640.jpg"/>
         <file href="letter-146047_640.png"/>
         <file href="everest-4828404_640.png"/>
         <file href="rio-tajo-4917325_640.jpg"/>
         <file href="italy-156536_640.png"/>
         <file href="alphabet-150764_640.png"/>
         <file href="alphabet-150809_640.png"/>
         <file href="architecture-2572758_640.jpg"/>
         <file href="letter-146001_640.png"/>
         <file href="segovia-1290594_640.jpg"/>
         <file href="dog-2404286_640.png"/>
         <file href="exe_effects.css"/>
         <file href="exe_effects.js"/>
         <dependency identifierref="COMMON_FILES"/>
      </resource>
      <resource identifier="RES-eXemayusculas5fd9f20425c0fcf47ba" type="webcontent"
                href="ponte_a_prueba.html">
         <file href="ponte_a_prueba.html"/>
         <file href="exe_html5.js"/>
         <file href="stock-stop.png"/>
         <file href="panel-amusements.png"/>
         <file href="common.js"/>
         <dependency identifierref="COMMON_FILES"/>
      </resource>
      <resource identifier="RES-eXemayusculas5fd9f20425c0fcf485c" type="webcontent"
                href="actividades_de_desarrollo_y_ampliacin.html">
         <file href="actividades_de_desarrollo_y_ampliacin.html"/>
         <file href="exe_html5.js"/>
         <file href="risu_1.mp3"/>
         <file href="common.js"/>
         <dependency identifierref="COMMON_FILES"/>
      </resource>
      <resource identifier="RES-eXemayusculas5fd9f20425c0fcf488e" type="webcontent"
                href="evaluacin.html">
         <file href="evaluacin.html"/>
         <file href="exe_html5.js"/>
         <file href="rubricausodemayusculas2porsiacaso.pdf"/>
         <file href="rubricausodemayusculas2porsiacaso.png"/>
         <file href="rubricausodemayusculas2porsiacaso.docx"/>
         <dependency identifierref="COMMON_FILES"/>
      </resource>
      <resource identifier="RES-eXemayusculas5fd9f20425c0fcf48910" type="webcontent"
                href="archivo_fuente.html">
         <file href="archivo_fuente.html"/>
         <file href="exe_html5.js"/>
         <file href="04_El_uso_de_las_mayusculas.elp"/>
         <file href="download-package-licenses.png"/>
         <file href="download-package.css"/>
         <dependency identifierref="COMMON_FILES"/>
      </resource>
      <resource identifier="RES-eXemayusculas5fd9f20425c0fcf48a12" type="webcontent"
                href="crditos.html">
         <file href="crditos.html"/>
         <file href="exe_html5.js"/>
         <file href="web_LogoINTEF_solologo_JPG.jpg"/>
         <file href="gobierno_de_espana_con_educacion_para_web_Nivel_Gris_2_JPG.jpg"/>
         <file href="CC-BY-SA.png"/>
         <dependency identifierref="COMMON_FILES"/>
      </resource>
      <resource identifier="COMMON_FILES" type="webcontent" href="">
         <file href="config.xml"/>
         <file href="content.css"/>
         <file href="EncodeSans-Light_latin-ext.woff2"/>
         <file href="EncodeSans-Light_latin.woff2"/>
         <file href="EncodeSans-Light_vietnamese.woff2"/>
         <file href="icon_atom.png"/>
         <file href="icon_award.png"/>
         <file href="icon_beach.png"/>
         <file href="icon_bulb.png"/>
         <file href="icon_camera.png"/>
         <file href="icon_classroom.png"/>
         <file href="icon_compass.png"/>
         <file href="icon_edia.png"/>
         <file href="icon_etwinning.png"/>
         <file href="icon_exe.png"/>
         <file href="icon_footprints.png"/>
         <file href="icon_free_license.png"/>
         <file href="icon_gears.png"/>
         <file href="icon_knowledge.png"/>
         <file href="icon_list.png"/>
         <file href="icon_microphone.png"/>
         <file href="icon_network.png"/>
         <file href="icon_plus.png"/>
         <file href="icon_presentation.png"/>
         <file href="icon_puzzle.png"/>
         <file href="icon_share.png"/>
         <file href="icon_stars.png"/>
         <file href="icon_talk.png"/>
         <file href="icon_teacher_screen.png"/>
         <file href="icon_telescope.png"/>
         <file href="icon_think.png"/>
         <file href="icon_tree.png"/>
         <file href="icon_write.png"/>
         <file href="nav.css"/>
         <file href="_intef_bg.png"/>
         <file href="_intef_footer.png"/>
         <file href="_intef_header.png"/>
         <file href="_intef_icons.png"/>
         <file href="_intef_js.js"/>
         <file href="_intef_left_column.gif"/>
         <file href="_intef_licenses.gif"/>
         <file href="_intef_menu.gif"/>
         <file href="_intef_print.png"/>
         <file href="_intef_title_bg.png"/>
         <file href="base.css"/>
         <file href="popup_bg.gif"/>
         <file href="SCORM_API_wrapper.js"/>
         <file href="SCOFunctions.js"/>
         <file href="common.js"/>
         <file href="common_i18n.js"/>
         <file href="exe_jquery.js"/>
         <file href="content.xsd"/>
         <file href="content.data"/>
         <file href="contentv3.xml"/>
         <file href="imslrm.xml"/>
      </resource>
   </resources>
</manifest>